<?xml version="1.0" encoding="UTF-8"?>
<beans xmlns="http://www.springframework.org/schema/beans"
	xmlns:xsi="http://www.w3.org/2001/XMLSchema-instance"
	xmlns:context="http://www.springframework.org/schema/context"
	xsi:schemaLocation="http://www.springframework.org/schema/beans http://www.springframework.org/schema/beans/spring-beans.xsd
		http://www.springframework.org/schema/context http://www.springframework.org/schema/context/spring-context-3.1.xsd">
	
	<!-- 등록된 Resource읽어오기  -->
	<bean id="propBean" class="org.springframework.beans.factory.config.PropertyPlaceholderConfigurer">
        <property name="locations">
            <list>
                <value>classpath:/mybatis/db.properties</value>
            </list>
        </property>
    </bean>
    
  
	<bean id="ds" class="org.apache.commons.dbcp.BasicDataSource">
		<property name="driverClassName" value="${driver}"/>
		<property name="url" value="${url}"/>
		<property name="username" value="${username}"/>
		<property name="password" value="${password}"/>
		<property name="defaultAutoCommit" value="false"/>
	</bean>
	
	<!-- <bean id="ds" class="org.apache.commons.dbcp.BasicDataSource">
		<property name="driverClassName" value="oracle.jdbc.driver.OracleDriver"/>
		<property name="url" value="jdbc:oracle:thin:@localhost:1521:xe"/>
		<property name="username" value="test"/>
		<property name="password" value="test"/>
		<property name="defaultAutoCommit" value="false"/>
	</bean> -->

	
	
</beans>
